csv 2019,20/01/2019 03:12:20
csv Conference,16/01/2019 15:44:06
csv Con,21/01/2019 16:25:16
csvCon,06/01/2019 25:51:11
csvaroo,05/01/2019 15:58:19
csvru,22/01/2019 14:55:53
csvru,01/01/2019 13:48:23
csvella,05/01/2019 07:25:00
csv,04/01/2019 04:10:06
csv Fundraiser,19/01/2019 01:51:24
csv Charity,12/01/2019 19:09:54
csv Charity Fundraiser,15/13/2019 11:57:42
csv Party,10/01/2019 15:38:54
csv Bash,01/01/2019 16:33:02
csv Ball,25/01/2019 14:31:08
csv Gala,11/01/2019 21:43:00
csv Shindig,20/01/2019 05:53:52
csv Super Happy Fun Time!!,32/01/2019 18:29:58
An Evening of csv,13/01/2019 01:53:21
csvathon,22/01/2019 22:56:40
csv Bowl-A-Thon,23/01/2019 22:06:08
csv Celebration,05/01/1969 16:40:13
Celebration of csv,11/01/2019 09:38:55
A Night to Celebrate csv,11/01/2019 04:08:56
A csv Affair,54/01/2019 12:26:27
The csv Ceremony,05/01/2019 20:08:52
The csv Awards,12/01/2019 25:58:24
The csv Experience,24/01/2019 04:06:18
An Occasion for csv,04/13/2019 19:36:59
The csv Occasion,07/01/2019 -04:11:08
The csv Event of the Year!,16/01/2019 18:13:14
csv 2019,03/01/2019 02:16:15
csv Conference,11/01/2019 02:23:05
csv Con,19/01/2019 00:28:06
csvCon,23/01/2019 18:18:49
csvaroo,23/01/2019 18:33:16
csvru,21/01/2019 24:16:16
csvru,15/20/2019 06:01:54
csvella,02/01/2019 15:58:15
csv,11/01/2019 20:04:19
csv Fundraiser,18/01/2019 22:26:26
csv 2019,01/01/2019 10:32:26
csv Conference,16/01/2019 06:54:37
csv Con,13/01/2019 19:59:20
csvCon,02/01/2019 11:25:37
csvaroo,10/01/2019 20:20:40
csvru,15/01/2019 23:47:61
csvru,-03/01/2019 14:32:49
csvella,06/01/2019 09:48:52
csv,01/01/2019 00:33:54